Component,Planned_Status,Current_Status,Priority,Estimated_Fix_Time_Hours
Neo4j Knowledge Base,Central knowledge base Neo4j,✅ OPERATIONAL (Fixed today),RESOLVED,0
AgentExecutor,Task execution engine,✅ OPERATIONAL (Fixed today),RESOLVED,0
Task Decomposer,LLM requirement analysis,❌ JSON parsing issues,High,1
WebSocket Frontend,Live monitoring dashboard,❌ Frontend rendering broken,Critical,2
FastAPI Gateway,API gateway for all operations,❌ Not implemented (Todo),Critical,8
Multi-Agent System,8 specialized agents,✅ Working correctly,Working,0
LLM Integration,LLM Factory multi-model,✅ Working correctly,Working,0
Messaging System,RabbitMQ communication,✅ Working correctly,Working,0
Code Generator,Code generation component,⏳ Blocked by other issues,Medium,1
